{"cameraMode":{"drawMode":0,"name":"Shaded","section":"Shading Mode"},"sceneLighting":true,"audioPlay":false,"sceneViewState":{"showFog":true,"showMaterialUpdate":false,"showSkybox":true,"showFlares":true,"showImageEffects":true,"showParticleSystems":true},"in2DMode":false,"pivot":{"x":-0.18870282173156739,"y":0.6943411827087402,"z":-4.69299840927124},"rotation":{"x":-0.1649056226015091,"y":0.8211175203323364,"z":-0.2939842939376831,"w":-0.46059250831604006},"size":2.8578836917877199,"orthographic":false}