{"cameraMode":{"drawMode":0,"name":"Shaded","section":"Shading Mode"},"sceneLighting":true,"audioPlay":false,"sceneViewState":{"showFog":true,"showMaterialUpdate":false,"showSkybox":true,"showFlares":true,"showImageEffects":true,"showParticleSystems":true},"in2DMode":false,"pivot":{"x":0.032252244651317599,"y":3.3011088371276857,"z":2.5971059799194338},"rotation":{"x":-0.12448439747095108,"y":-0.005361810326576233,"z":0.0006724065751768649,"w":-0.992206871509552},"size":1.6734328269958497,"orthographic":false}